CHROM	GENE	GENE_NAME	TRAIT	TRAIT_NAME	NOCOND_LOG10P	NOCOND_PVAL	NOCOND_FDR	COND_LOG10P	COND_PVAL	COND_FDR	COND_PASSING_PVAL1e9	COND_PASSING_FDR5	ANNOTATION
20	ENSG00000118702	GHRH	p30770	IGF-1	40.61	2.44E-41	1.48E-35	24.70	1.99E-25	NA	1	1	PROMOTER
17	ENSG00000004939	SLC4A1	p30260	Mean reticulocyte volume	12.86	1.36E-13	1.66E-08	12.05	8.89E-13	NA	1	1	PROMOTER
13	ENSG00000122025	FLT3	p30130	Monocyte count	9.33	4.69E-10	3.55E-05	9.41	3.88E-10	NA	1	1	PROMOTER
17	ENSG00000004939	SLC4A1	p30270	Mean sphered cell volume	7.06	8.63E-08	0.003487668706	9.03	9.34E-10	NA	1	1	PROMOTER
19	ENSG00000104883	PEX11G	p30850	Testosterone	7.55	2.83E-08	0.00155988937	7.59	2.57E-08	NA	0	1	PROMOTER
13	ENSG00000122025	FLT3	p30190	Monocyte percentage	6.10	8.01E-07	0.02857640302	7.30	5.07E-08	NA	0	1	PROMOTER
6	ENSG00000112715	VEGFA	p30080	Platelet count	10.32	4.79E-11	4.85E-06	6.95	1.13E-07	NA	0	1	PROMOTER
16	ENSG00000261459	ENSG00000261459	p30700	Creatinine	5.95	1.13E-06	0.03659593796	6.38	4.15E-07	NA	0	1	PROMOTER